request_id,amount_safe_to_pay,affordability_status,recommended_payment_method,payment_plan,earliest_date_for_full_payment,spending_changes_needed,decision_explanation
request_100,27388.36,affordable_with_plan,installments,2024-06-13:12866.19|2024-07-14:12866.19|2024-08-14:12866.19,2024-06-15,none,This installment plan allows you to safely cover a portion of the laptop price today while maintaining your financial stability.
request_101,143500.0,affordable_now,full_payment,2025-11-03:143500,2025-11-03,none,"The candidate plan for a full payment of INR 143,500 on 2025-11-03 is affordable now and meets the requested amount without requiring any spending changes."
request_102,1716.0,affordable_with_plan,installments,2026-04-05:594.88|2026-05-05:594.88|2026-06-04:594.88,2026-04-05,none,"This installment plan allows for partial payments without dipping into the required minimum balance. The total payable is EUR 1,784.64, split into three installments of EUR 594.88 each, starting on April 5, 2026, and completing by June 4, 2026."
request_103,19286.7,not_affordable,not_recommended,none,,none,"None of the available payment options keeps the INR 125,500.00 minimum balance protected within the forecast period."
request_104,17204.0,affordable_now,full_payment,2025-02-04:17204,2025-02-04,none,"The laptop can be purchased now as the payment is affordable, and it fits within the current financial constraints without affecting next month's bills."
request_105,53500.0,affordable_now,full_payment,2026-06-08:53500,2026-06-08,none,"This plan allows you to make a full payment of INR 53,500 on June 8, 2026, which is within your preferred timeframe and does not require any changes to spending habits."
request_106,421.76,affordable_later,wait,2025-02-15:2207.70,2025-02-15,none,The candidate plan allows covering the full course fee by the deadline without affecting current financial stability.
request_107,0.0,not_affordable,not_recommended,none,,none,"None of the available payment options keeps the EUR 1,600.00 minimum balance protected within the forecast period."
request_108,4794.11,affordable_later,wait,2026-09-15:55308,2026-09-15,none,"Waiting until September 15, 2026, to pay for the course ensures your balance remains above the minimum required. This plan is affordable later and does not require any spending changes."
request_109,804.07,affordable_with_plan,installments,2024-03-18:645.98|2024-04-18:645.98|2024-05-19:645.98,2024-04-15,none,"This installment plan ensures that the payment is made in installments, staying within your financial comfort zone while still covering the requested amount. The plan completes by the desired completion date and maintains a safety buffer."
request_110,17593.42,not_affordable,not_recommended,none,,none,"None of the available payment options keeps the ZAR 11,200.00 minimum balance protected within the forecast period."
request_111,16625000.0,affordable_now,full_payment,2026-04-03:16625000,2026-04-03,none,"This plan allows for the full extra repayment to be made on 2026-04-03, which is within the desired completion date of 2026-05-02. The payment is affordable now and no spending changes are needed."
request_112,271.7,affordable_now,full_payment,2024-06-05:271.70,2024-06-05,none,"The plan allows for a full payment of EUR 271.70 on 2024-06-05, which is within the desired completion date and does not fall below the minimum balance requirement."
request_113,36500.0,affordable_now,full_payment,2026-09-04:36500,2026-09-04,none,"The full payment candidate is affordable now and meets all criteria, including the requested amount of INR 36,500 on or before the desired completion date."
request_114,60512.26,affordable_later,wait,2026-01-15:65300,2026-01-15,none,"Waiting until January 15, 2026, to pay the full membership fee of INR 65,300 is more affordable given your current financial situation."
request_115,14992.68,affordable_later,wait,2024-11-15:80500,2024-11-15,none,"The plan allows you to make the full payment of INR 80,500 on or before November 15, 2024, without affecting your regular expenses. This fits within your requested timeframe and budget constraints."
request_116,7954.96,not_affordable,not_recommended,none,,none,"None of the available payment options keeps the INR 80,300.00 minimum balance protected within the forecast period."
request_117,880.0,affordable_now,full_payment,2026-07-05:880,2026-07-05,none,"The payment is affordable now with the increased monthly salary, and there are no necessary spending changes. The payment can be made without putting other expenses at risk."
request_118,667.74,affordable_with_plan,installments,2024-12-07:255.87|2025-01-07:255.87|2025-02-07:255.87,2024-12-15,none,This installment plan meets the payment requirements without dropping below the minimum balance and completes by the deadline.
request_119,58915.99,affordable_with_plan,installments,2025-05-18:70546.67|2025-06-15:70546.67|2025-07-13:70546.67,2025-06-15,none,"This installment plan allows for a partial payment that fits within the current financial constraints, ensuring enough balance remains for regular commitments. It also meets the deadline for course enrolment."
request_120,7333629.01,affordable_later,wait,2026-04-15:7714000,2026-04-15,none,"The candidate plan suggests waiting until April 15, 2026, to make the full payment of IDR 7,714,000. This aligns with the current financial situation and does not require any spending changes."
request_121,633.6,affordable_now,full_payment,2024-03-03:633.60,2024-03-03,none,The full payment of $633.60 is affordable now and will complete the extra repayment by the desired completion date.
request_122,19181437.94,not_affordable,not_recommended,none,,none,"None of the available payment options keeps the IDR 12,588,500.00 minimum balance protected within the forecast period."
request_123,1534351.17,not_affordable,not_recommended,none,,none,"None of the available payment options keeps the IDR 18,091,200.00 minimum balance protected within the forecast period."
request_124,1333.07,affordable_with_plan,installments,2024-06-11:1076.12|2024-07-12:1076.12|2024-08-12:1076.12,2024-07-15,none,"The installment plan is affordable with your current balance, and it fits within your spending preferences. The total payable amount of 3,228.36 EUR can be managed through three installments by August 12, 2024."
request_125,6468.0,affordable_now,full_payment,2025-11-06:6468,2025-11-06,none,"The trip can be booked now as the payment is affordable and the earliest date for full payment aligns with the request date, ensuring timely completion."
request_126,43931.87,not_affordable,not_recommended,none,,none,"None of the available payment options keeps the INR 129,700.00 minimum balance protected within the forecast period."
request_127,9251.3,affordable_later,wait,2024-10-15:23980,2024-10-15,none,"This plan allows you to make the full payment on 2024-10-15, which is within your desired completion date of 2024-10-18. Your current balance of ZAR 66,058.0 is sufficient to cover the transfer without falling below your minimum balance requirement of ZAR 41,000.0."
request_128,0.0,not_affordable,not_recommended,none,,none,"None of the available payment options keeps the ZAR 42,600.00 minimum balance protected within the forecast period."
request_129,142.07,not_affordable,not_recommended,none,,none,None of the available payment options keeps the USD 800.00 minimum balance protected within the forecast period.
request_130,526.28,affordable_later,wait,2025-01-15:1978.80,2025-01-15,none,"The candidate plan allows you to make the full payment of $1,978.80 on January 15, 2025, which meets your desired completion date and is within your affordability range."
request_131,1278.41,affordable_with_plan,installments,2025-05-06:643.14|2025-06-03:643.14|2025-07-01:643.14,2025-06-23,none,"This plan allows you to cover the full course fee through installments by the desired completion date, ensuring your balance remains above the minimum required."
request_132,378.12,affordable_later,wait,2026-01-15:379.86,2026-01-15,none,"The plan allows for a full payment of $379.86 by January 15, 2026, which is before the desired completion date and within your affordability status."
request_133,3921353.14,not_affordable,not_recommended,none,,none,"None of the available payment options keeps the IDR 9,986,200.00 minimum balance protected within the forecast period."
request_134,6845609.27,affordable_later,wait,2025-10-15:21831000,2025-10-15,none,"The laptop can be purchased on October 15, 2025, as this date is the earliest allowed for a full payment and aligns with your desired completion date."
request_135,304.8,affordable_now,full_payment,2026-07-06:304.80,2026-07-06,none,"The deposit is affordable now as your current balance exceeds the minimum balance, and you will have an increased salary starting from July 15th. A full payment by July 6th is feasible."
request_136,560.4,affordable_now,full_payment,2024-06-03:560.40,2024-06-03,none,"The course fee can be fully covered on the request date, and the plan completes by the desired completion date."
request_137,28327.18,affordable_later,wait,2026-01-15:80100,2026-01-15,none,"The candidate plan allows the purchase to be made in installments starting on the earliest date for full payment, which aligns with the desired completion date. This ensures the balance remains above the minimum required and avoids dipping into a critical reserve."
request_138,860.73,affordable_with_plan,partial_payment,2026-04-07:860.73|2026-04-15:396.21,2026-04-15,none,"The partial payment plan allows you to pay EUR 860.73 on the request date and EUR 396.21 by April 15, 2026, which keeps your balance above the minimum required. This plan completes the purchase by June 5, 2026, as requested."
request_139,1169.98,not_affordable,not_recommended,none,,none,"None of the available payment options keeps the USD 1,500.00 minimum balance protected within the forecast period."
request_140,3865.65,not_affordable,not_recommended,none,,none,"None of the available payment options keeps the ZAR 21,600.00 minimum balance protected within the forecast period."
request_141,29643.42,not_affordable,not_recommended,none,,none,"None of the available payment options keeps the INR 67,300.00 minimum balance protected within the forecast period."
request_142,1112.87,not_affordable,not_recommended,none,,none,"None of the available payment options keeps the USD 1,700.00 minimum balance protected within the forecast period."
request_143,3001.36,affordable_later,wait,2025-07-15:12584,2025-07-15,none,"The candidate plan allows for a full payment on or before the desired completion date of 15 July 2025, while maintaining an affordable later status. This plan does not require any changes to spending habits and ensures that the requested amount can be covered without compromising current financial stability."
request_144,233.34,affordable_now,full_payment,2026-07-04:233.34,2026-07-04,none,"The investment of USD 233.34 is affordable now and does not require any spending changes, allowing it to be fully paid by the requested date."
request_145,43397.69,affordable_with_plan,installments,2024-03-20:75365.33|2024-04-20:75365.33|2024-05-21:75365.33,2024-04-15,none,"The selected installment plan allows the trip to be funded within the desired completion date without requiring any spending changes, making it a safe choice."
request_146,5201.14,not_affordable,not_recommended,none,,none,"None of the available payment options keeps the INR 108,600.00 minimum balance protected within the forecast period."
request_147,249.64,not_affordable,not_recommended,none,,none,None of the available payment options keeps the EUR 900.00 minimum balance protected within the forecast period.
request_148,8998.87,affordable_with_plan,installments,2024-06-14:7710.56|2024-07-15:7710.56|2024-08-15:7710.56,2024-07-15,none,"The laptop can be afforded through an installment plan that starts on June 14, 2024, and completes by August 15, 2024. This plan does not require any spending changes and ensures the total payment is manageable within your current financial situation."
request_149,22606.96,affordable_with_plan,installments,2025-11-18:12706.03|2025-12-16:12706.03|2026-01-13:12706.03,2025-12-15,none,This installment plan meets the affordability criteria and completes by the desired completion date.
request_150,341.4,affordable_with_plan,installments,2026-01-06:171.98|2026-02-05:171.98|2026-03-07:171.98,2026-01-15,none,"This installment plan allows you to pay EUR 171.98 each month starting from January 6, 2026, and completes by March 7, 2026, without cutting into your essential expenses."
request_151,26999000.0,affordable_now,full_payment,2024-09-03:26999000,2024-09-03,none,The requested amount is affordable now and the payment can be made by the desired completion date of 2024-09-14.
request_152,12029.78,affordable_with_plan,installments,2025-02-12:4812.43|2025-03-12:4812.43|2025-04-09:4812.43,2025-02-15,none,"This installment plan allows you to meet the requested repair amount while maintaining a balance above the minimum required. It starts as soon as possible, aligning with your payroll cycle."
request_153,271.63,not_affordable,not_recommended,none,,none,"None of the available payment options keeps the USD 1,400.00 minimum balance protected within the forecast period."
request_154,1625.8,affordable_with_plan,installments,2024-12-04:563.61|2025-01-04:563.61|2025-02-04:563.61,2024-12-04,none,"This plan evenly splits the requested amount into three installments, starting on the request date and completing by the desired completion date."
request_155,112500.0,affordable_now,full_payment,2025-05-06:112500,2025-05-06,none,"The plan allows for a full payment of INR 112,500 on 2025-05-06, which is within the desired completion date and deemed affordable based on current financial status."
request_156,7764.01,affordable_later,wait,2026-06-15:43076,2026-06-15,none,"The requested full payment of ZAR 43,076 by the deadline is affordable at a later date. No urgent spending changes are needed, and this plan ensures the payment can be made on time."
request_157,6095775.51,affordable_later,wait,2024-05-15:23503000,2024-05-15,none,"The candidate plan 'ccc_wait' allows the full payment of IDR 23,503,000 on or before the desired completion date of May 15, 2024, while maintaining affordability for future periods."
request_158,232071.96,not_affordable,not_recommended,none,,none,"None of the available payment options keeps the INR 131,400.00 minimum balance protected within the forecast period."
request_159,5954.62,not_affordable,not_recommended,none,,none,"None of the available payment options keeps the ZAR 8,700.00 minimum balance protected within the forecast period."
request_160,561.25,affordable_with_plan,installments,2024-06-13:432.05|2024-07-14:432.05|2024-08-14:432.05,2024-07-15,none,"This installment plan meets the request amount and allows for booking the family trip, while maintaining a buffer above the minimum balance. It aligns with the payment preferences and ensures financial safety until the next payroll on 2024-06-15."
request_161,0.0,not_affordable,not_recommended,none,,none,"None of the available payment options keeps the IDR 23,010,400.00 minimum balance protected within the forecast period."
request_162,1272217.54,not_affordable,not_recommended,none,,none,"None of the available payment options keeps the IDR 24,161,100.00 minimum balance protected within the forecast period."
request_163,10912098.93,affordable_with_plan,installments,2024-09-10:6692053.33|2024-10-11:6692053.33|2024-11-11:6692053.33,2024-09-15,none,"This installment plan meets the requested amount and ensures the minimum balance is not breached, completing by the deadline."
request_164,27018000.0,affordable_with_plan,installments,2025-02-11:9366240|2025-03-11:9366240|2025-04-08:9366240,2025-02-04,none,The chosen installment plan allows full payment of the membership fee without reducing current balance and meets the earliest date for full payment.
request_165,63033.85,not_affordable,not_recommended,none,,none,"None of the available payment options keeps the INR 95,000.00 minimum balance protected within the forecast period."
request_166,2676.89,not_affordable,not_recommended,none,,none,"None of the available payment options keeps the USD 1,700.00 minimum balance protected within the forecast period."
request_167,43802.0,affordable_now,full_payment,2025-05-05:43802,2025-05-05,none,"The full payment plan is affordable now and meets the requested amount of ZAR 43,802 for the rental deposit. The earliest date for this payment is May 5, 2025, which aligns with the desired completion date."
request_168,28495.27,not_affordable,not_recommended,none,,none,"None of the available payment options keeps the INR 114,400.00 minimum balance protected within the forecast period."
request_169,41976.0,affordable_now,full_payment,2024-03-04:41976,2024-03-04,none,The payment plan allows for the full amount to be paid on the earliest possible date without affecting regular commitments or requiring spending changes.
request_170,32783858.09,affordable_with_plan,installments,2025-08-06:12804480|2025-09-03:12804480|2025-10-01:12804480,2025-08-15,none,"This installment plan meets the request and ensures the payment is completed by the desired completion date of October 4, 2025, without requiring any changes to regular expenses."
request_171,27.26,not_affordable,not_recommended,none,,none,None of the available payment options keeps the EUR 500.00 minimum balance protected within the forecast period.
request_172,9179.71,affordable_with_plan,installments,2024-06-05:5304|2024-07-03:5304,2024-06-15,none,"This installment plan allows for a partial payment of ZAR 10,200 before the enrolment deadline and covers the requested amount without requiring additional spending changes."
request_173,61389.91,affordable_with_plan,installments,2025-11-21:39173.33|2025-12-19:39173.33|2026-01-16:39173.33,2025-12-15,none,"This plan allows you to make three installments of INR 39,173.33 each, starting on November 21, 2025, and completes by January 16, 2026, ensuring your minimum balance is not breached."
request_174,1146.2,affordable_with_plan,installments,2026-04-04:397.35|2026-05-04:397.35|2026-06-03:397.35,2026-04-04,none,"This plan allows you to invest EUR 1,146.20 in installments starting on April 4, 2026, and it will be completed by June 3, 2026, leaving your balance above the minimum required."
request_175,2346.3,affordable_now,full_payment,2024-09-06:2346.30,2024-09-06,none,The candidate plan for full payment on 2024-09-06 is affordable now and meets the desired completion date of 1 October 2024.
request_176,442.75,affordable_later,wait,2025-04-15:1239.70,2025-04-15,none,"Waiting until April 15th to pay for the trip ensures maintaining a balance above the minimum requirement of €600 throughout February, thus leaving enough funds for other expenses."
request_177,1017.6,affordable_now,full_payment,2026-01-05:1017.60,2026-01-05,none,"The candidate plan is affordable now and meets the requested amount, completing by the desired completion date."
request_178,2824.58,not_affordable,not_recommended,none,,none,"None of the available payment options keeps the EUR 1,400.00 minimum balance protected within the forecast period."
request_179,9551910.56,affordable_later,wait,2025-07-15:41648000,2025-07-15,none,Paying the full amount on 2025-07-15 meets the minimum balance requirement and allows for sufficient funds in subsequent months.
request_180,66500.0,affordable_now,full_payment,2026-07-06:66500,2026-07-06,none,"The full payment plan allows you to pay INR 66,500 on July 6, 2026, which is within your payroll credit date of July 15, 2026. This plan is affordable now and doesn't require any spending changes."
request_181,368.66,not_affordable,not_recommended,none,,none,"None of the available payment options keeps the USD 2,000.00 minimum balance protected within the forecast period."
request_182,22851.23,not_affordable,not_recommended,none,,none,"None of the available payment options keeps the ZAR 31,100.00 minimum balance protected within the forecast period."
request_183,20941834.4,not_affordable,not_recommended,none,,none,"None of the available payment options keeps the IDR 11,878,300.00 minimum balance protected within the forecast period."
request_184,10303.63,not_affordable,not_recommended,none,,none,"None of the available payment options keeps the INR 110,800.00 minimum balance protected within the forecast period."
request_185,491.59,affordable_later,wait,2025-12-15:1257.30,2025-12-15,none,"Waiting until December 15, 2025, to book the trip ensures the current balance remains above the minimum balance threshold, providing financial safety."
request_186,4958.1,affordable_later,wait,2026-03-15:26554,2026-03-15,none,"Waiting until March 15, 2026, to invest ZAR 26,554 is recommended given the reduced upcoming salary. This plan ensures financial stability during your payroll adjustment period."
request_187,42350.96,affordable_later,wait,2024-10-15:187500,2024-10-15,none,"The candidate plan 'ccc_wait' allows the payment of INR 187,500 on or before 2024-10-15, which fits within the desired completion date of 2024-11-15. This plan is affordable later and requires no spending changes."
request_188,171.96,not_affordable,not_recommended,none,,none,None of the available payment options keeps the EUR 900.00 minimum balance protected within the forecast period.
request_189,488.4,affordable_now,full_payment,2026-07-04:488.40,2026-07-04,none,"The full payment plan is affordable now and complies with the request to make an extra loan payment of EUR 488.40, ensuring sufficient balance for the rest of the month."
request_190,676.21,affordable_later,wait,2025-01-15:2557.50,2025-01-15,none,"The laptop can be fully paid for on or after January 15, 2025, without affecting the current balance or minimum balance requirements."
request_191,664.4,affordable_now,full_payment,2025-05-03:664.40,2025-05-03,none,The full payment plan is affordable now and aligns with the requested amount. It also meets the desired completion date without requiring any changes to spending habits.
request_192,187.34,not_affordable,not_recommended,none,,none,"None of the available payment options keeps the USD 1,000.00 minimum balance protected within the forecast period."
request_193,109.26,affordable_with_plan,installments,2024-03-21:420.23|2024-04-21:420.23|2024-05-22:420.23,2024-04-15,none,"This installment plan meets the request for a partial payment, ensures the minimum balance is not breached, and aligns with the available payroll information."
request_194,41969.18,affordable_later,wait,2025-10-23:132800,2025-10-23,none,"The candidate plan 'ccc_wait' allows the payment of INR 132,800 on or before the desired completion date of 2025-10-23 without affecting regular bills and rent."
request_195,1054.98,affordable_with_plan,installments,2026-01-09:405.74|2026-02-08:405.74|2026-03-10:405.74,2026-01-15,none,"This plan allows you to cover EUR 1,217.22 in installments by your desired completion date of March 10, 2026, without affecting your current financial stability."
request_196,762.3,affordable_now,full_payment,2024-06-03:762.30,2024-06-03,none,The laptop purchase of €762.30 can be made today as it is affordable and does not require any changes to spending habits.
request_197,0.0,not_affordable,not_recommended,none,,none,"None of the available payment options keeps the IDR 26,245,900.00 minimum balance protected within the forecast period."
request_198,185800.0,affordable_now,full_payment,2026-07-07:185800,2026-07-07,none,"The candidate plan for a full payment on 2026-07-07 is affordable now and meets the request for INR 185,800 by the desired completion date of 2026-09-21. No spending changes are needed."
request_199,23674000.0,affordable_with_plan,installments,2024-09-07:8206986.67|2024-10-08:8206986.67|2024-11-08:8206986.67,2024-09-04,none,"This payment plan allows you to cover the requested amount of IDR 23,674,000 in installments without putting your rent and regular bills at risk. The plan is affordable with your current financial situation and completes by your desired completion date."
request_200,21717000.0,affordable_now,full_payment,2025-02-06:21717000,2025-02-06,none,"The requested payment is affordable now and can be made on the earliest possible date, 2025-02-06, without requiring any spending changes."
request_201,23997000.0,affordable_now,full_payment,2026-04-03:23997000,2026-04-03,none,The full repayment plan is affordable now and meets the desired completion date. No spending changes are needed.
request_202,123900.0,affordable_now,full_payment,2024-12-05:123900,2024-12-05,none,"This plan allows the full payment of INR 123,900 by December 5, 2024, which meets the request and ensures no shortfall in bills."
request_203,1442.1,affordable_with_plan,installments,2025-05-10:499.93|2025-06-07:499.93|2025-07-05:499.93,2025-05-07,none,"This installment plan allows you to cover the repair by making three payments of EUR 499.93 each, starting on May 10, 2025, and completes by your desired completion date of July 5, 2025. It is affordable with your current financial situation."
request_204,588.74,affordable_now,full_payment,2026-01-04:588.74,2026-01-04,none,"The full payment plan is affordable now and meets the requested amount of 588.74 EUR, without putting rent and regular bills at risk."
request_205,10621000.0,affordable_now,full_payment,2024-03-06:10621000,2024-03-06,none,"The payment plan is affordable now and meets the requested amount, ensuring there are no upcoming bill risks."
request_206,1404.7,affordable_with_plan,installments,2025-08-03:486.96|2025-08-31:486.96|2025-09-28:486.96,2025-08-03,none,"This installment plan allows you to pay EUR 486.96 on each of three dates, starting from August 3, 2025, and completes by your requested date of September 28, 2025, while staying within your financial plan."
request_207,6938.31,affordable_later,wait,2026-07-15:11830,2026-07-15,none,"The candidate plan 'ccc_wait' allows for a full payment of ZAR 11,830 on or before July 15, 2026, which meets the request and ensures that the minimum balance is not fallen below."
request_208,4413000.0,affordable_now,full_payment,2024-06-07:4413000,2024-06-07,none,"The requested amount is affordable now and can be paid in full on the request date, without affecting usual expenses."
request_209,2046.7,not_affordable,not_recommended,none,,none,"None of the available payment options keeps the ZAR 18,400.00 minimum balance protected within the forecast period."
request_210,823.51,affordable_with_plan,installments,2026-04-06:471.48|2026-05-04:471.48|2026-06-01:471.48,2026-04-15,none,"This installment plan allows you to pay $471.48 on April 6, May 4, and June 1, 2026, completing the payment by your desired completion date of June 23, 2026, and it is within your affordability threshold."
request_211,371.91,affordable_later,wait,2024-11-15:1788.60,2024-11-15,none,"The candidate plan 'ccc_wait' allows you to pay the full amount of EUR 1,788.60 on or before November 15, 2024, which meets your desired completion date and is deemed affordable later based on your financial profile."
request_212,3907541.71,not_affordable,not_recommended,none,,none,"None of the available payment options keeps the IDR 29,579,800.00 minimum balance protected within the forecast period."
request_213,3362.4,affordable_with_plan,installments,2026-01-21:1165.63|2026-02-20:1165.63|2026-03-22:1165.63,2026-01-07,none,"This installment plan meets the requested amount and completes by the desired completion date, ensuring the minimum balance is not breached."
request_214,69750.0,affordable_with_plan,installments,2024-12-04:36270|2025-01-01:36270,2024-12-04,none,"This installment plan allows you to pay INR 36,270 each on December 4, 2024, and January 1, 2025, totaling INR 72,540 by the deadline. It meets your affordability criteria without requiring any spending changes."
request_215,29986.0,affordable_with_plan,installments,2025-05-09:10395.15|2025-06-06:10395.15|2025-07-04:10395.15,2025-05-06,none,"This plan allows you to invest ZAR 29,986 without affecting essential payments and complies with your payment preferences for installments. It completes by the desired completion date of July 4, 2025."
request_216,723.76,affordable_later,wait,2026-08-15:3332.40,2026-08-15,none,Paying now would exceed the current balance. Waiting until August 15th allows sufficient funds to cover the trip while maintaining a buffer above the minimum balance.
request_217,23254.17,affordable_with_plan,installments,2024-03-19:12889.07|2024-04-19:12889.07|2024-05-20:12889.07,2024-04-15,none,This plan is affordable with the remaining balance and ensures that upcoming bills are not at risk. It completes by the desired completion date.
request_218,26259625.77,affordable_with_plan,installments,2025-08-07:21195893.33|2025-09-04:21195893.33|2025-10-02:21195893.33,2025-09-15,none,"The laptop is affordable with the proposed installment plan, which allows partial payments and completes by the desired completion date of October 6, 2025."
request_219,801.5,affordable_with_plan,installments,2026-04-07:580.01|2026-05-07:580.01|2026-06-06:580.01,2026-05-15,none,The chosen plan allows for installment payments that cover the requested amount without impacting regular commitments. It meets the affordability criteria and completes by the deadline.
request_220,162.22,not_affordable,not_recommended,none,,none,"None of the available payment options keeps the EUR 1,100.00 minimum balance protected within the forecast period."
request_221,109800.0,affordable_now,full_payment,2025-11-03:109800,2025-11-03,none,The requested payment is affordable now and aligns with the client's payment preference for a full payment by the requested date.
request_222,34078.0,affordable_now,full_payment,2026-01-05:34078,2026-01-05,none,"The candidate plan allows for a full payment of ZAR 34,078 on or before the request date of 2026-01-05, which meets the client's requirement and is within their current financial capacity."
request_223,898.7,affordable_now,full_payment,2024-09-07:898.70,2024-09-07,none,The laptop is affordable now based on your current balance and payment preferences. You can make the full payment on 2024-09-07 without needing to change any spending habits.
request_224,10327000.0,affordable_with_plan,installments,2025-02-04:5370040|2025-03-04:5370040,2025-02-04,none,"This plan allows a partial payment through installments, aligning with the user's preference and ensuring the request is affordable within their financial profile."
request_225,12210856.51,affordable_with_plan,installments,2026-07-20:7647120|2026-08-19:7647120|2026-09-18:7647120,2026-07-15,none,"This plan meets the affordability criteria and completes by the desired completion date, making it the safest choice."
request_226,157000.0,affordable_now,full_payment,2024-12-03:157000,2024-12-03,none,"The requested payment is fully affordable given the current balance, and it can be made on or before the desired completion date."
request_227,0.0,not_affordable,not_recommended,none,,none,"None of the available payment options keeps the INR 62,900.00 minimum balance protected within the forecast period."
request_228,2747037.81,not_affordable,not_recommended,none,,none,"None of the available payment options keeps the IDR 26,191,200.00 minimum balance protected within the forecast period."
request_229,559.52,affordable_with_plan,installments,2024-03-18:529.29|2024-04-18:529.29|2024-05-19:529.29,2024-04-15,none,This installment plan meets the affordability criteria and completes by the desired completion date of 2024-05-23.
request_230,3537.6,affordable_now,full_payment,2025-08-06:3537.60,2025-08-06,none,"This plan allows for the full payment of EUR 3,537.60 on 2025-08-06, meeting the request and ensuring no upcoming bills are at risk."
request_231,35706.0,affordable_with_plan,installments,2026-01-06:12378.08|2026-02-05:12378.08|2026-03-07:12378.08,2026-01-03,none,"This plan allows you to pay ZAR 12,378.08 in installments from January 6, 2026, ensuring your balance remains above the minimum required on March 17, 2026."
request_232,936.02,affordable_later,wait,2024-07-15:1970.10,2024-07-15,none,"The full payment can be made on or after July 15, 2024, using the first salary credit of EUR 2772. This plan ensures the minimum balance is not compromised and meets the request date."
request_233,0.0,not_affordable,not_recommended,none,,none,"None of the available payment options keeps the IDR 10,365,700.00 minimum balance protected within the forecast period."
request_234,233.03,affordable_later,wait,2026-08-15:1213.30,2026-08-15,none,"Paying EUR 1,213.30 by 15 September 2026 is feasible and will meet the requestor's deadline."
request_235,967.2,affordable_now,full_payment,2024-09-06:967.20,2024-09-06,none,"The full payment plan is affordable now and meets the desired completion date of October 25, 2024."
request_236,6696517.06,not_affordable,not_recommended,none,,none,"None of the available payment options keeps the IDR 16,768,600.00 minimum balance protected within the forecast period."
request_237,23826000.0,affordable_now,full_payment,2026-04-05:23826000,2026-04-05,none,The payment plan is affordable now and meets the requested amount without requiring any spending changes. It also ensures the minimum balance requirement is met throughout the period.
request_238,663.6,affordable_with_plan,installments,2024-12-07:230.05|2025-01-07:230.05|2025-02-07:230.05,2024-12-07,none,"This installment plan meets the requested amount of $663.60, with three payments totaling $690.15 by February 7, 2025, staying above the minimum balance."
request_239,642.0,affordable_now,full_payment,2025-05-04:642,2025-05-04,none,"This plan allows you to pay the full amount of $642 on 2025-05-04, which is within your desired completion date and is affordable given your current balance."
request_240,17534.75,not_affordable,not_recommended,none,,none,"None of the available payment options keeps the INR 52,800.00 minimum balance protected within the forecast period."
request_241,20750115.65,not_affordable,not_recommended,none,,none,"None of the available payment options keeps the IDR 19,252,000.00 minimum balance protected within the forecast period."
request_242,0.0,not_affordable,not_recommended,none,,none,None of the available payment options keeps the EUR 600.00 minimum balance protected within the forecast period.
request_243,17468.0,affordable_now,full_payment,2026-07-07:17468,2026-07-07,none,"The candidate plan is affordable now and allows for the full repair payment on or before the desired completion date of August 9, 2026."
request_244,49918.0,affordable_now,full_payment,2024-06-04:49918,2024-06-04,none,The full payment plan is affordable now and will cover the requested amount without affecting future expenses.
request_245,40613.4,affordable_later,wait,2025-12-15:128500,2025-12-15,none,"Waiting until December 15, 2025, to make the full payment is affordable later and aligns with your current financial situation."
request_246,64086.0,affordable_with_plan,installments,2026-04-03:22216.48|2026-05-03:22216.48|2026-06-02:22216.48,2026-04-03,none,The chosen installment plan allows the full course fee to be paid by the deadline of 2 June 2026 without requiring any spending changes.
request_247,1059.3,affordable_now,full_payment,2024-09-05:1059.30,2024-09-05,none,"The candidate plan allows for a full payment of EUR 1059.30 on the requested date (2024-09-05), and the current balance exceeds the minimum balance, making it affordable now."
request_248,971.78,affordable_with_plan,partial_payment,2025-02-07:971.78|2025-03-15:993.82,2025-03-15,none,"This plan allows for a partial payment of USD 971.78 on 2025-02-07 and USD 993.82 on 2025-03-15, ensuring the minimum balance is not breached and the full amount is paid before the desired completion date."
request_249,183.59,affordable_later,wait,2026-02-15:643.20,2026-02-15,none,The full membership fee is affordable later due to the upcoming reduced payroll. Paying in installments starting from 2026-02-15 aligns with your financial forecast.
request_250,16774.82,not_affordable,not_recommended,none,,none,"None of the available payment options keeps the ZAR 35,300.00 minimum balance protected within the forecast period."
request_251,1152.99,not_affordable,not_recommended,none,,none,"None of the available payment options keeps the EUR 1,300.00 minimum balance protected within the forecast period."
request_252,6472415.24,affordable_later,wait,2026-08-15:28082000,2026-08-15,none,"The candidate plan allows the full payment of IDR 28,082,000 on or before the desired completion date of 15 September 2026, ensuring no shortfall in personal bills."
request_253,1490.65,affordable_with_plan,installments,2024-03-21:984.60|2024-04-21:984.60|2024-05-22:984.60,2024-05-15,none,This installment plan meets the request and ensures that the full amount is paid by the desired completion date while maintaining current financial stability.
request_254,0.0,not_affordable,not_recommended,none,,none,"None of the available payment options keeps the USD 2,500.00 minimum balance protected within the forecast period."
request_255,3345000.0,affordable_now,full_payment,2026-04-06:3345000,2026-04-06,none,The payment is affordable now and can be made on the request date without affecting future financial plans.
request_256,171831.5,affordable_with_plan,installments,2024-06-10:75816|2024-07-11:75816|2024-08-11:75816,2024-06-15,none,"This plan spreads the payment over three installments, aligning with your forecasted salary credit date and ensuring affordability without altering spending habits."
request_257,587.2,affordable_later,wait,2025-11-15:1352.40,2025-11-15,none,"Waiting until November 15, 2025, to make the full payment of $1,352.40 is affordable later and meets your request completion date without needing any spending changes."
request_258,1113.6,affordable_now,full_payment,2026-01-07:1113.60,2026-01-07,none,"This plan allows you to invest the full requested amount of $1,113.60 on January 7, 2026, without going below your minimum balance of $500."
request_259,189.24,affordable_later,wait,2024-11-15:935,2024-11-15,none,"The full payment is affordable later on November 15, 2024, and no spending changes are needed. Waiting until then ensures the payment can be made without compromising current financial stability."
request_26,15656000.0,affordable_now,full_payment,2025-08-03:15656000,2025-08-03,none,The requested amount can be fully paid on the earliest possible date without affecting current financial stability.
request_260,9941450.32,not_affordable,not_recommended,none,,none,"None of the available payment options keeps the IDR 20,727,700.00 minimum balance protected within the forecast period."
request_261,1830.4,affordable_now,full_payment,2026-07-03:1830.40,2026-07-03,none,"The requested payment of EUR 1,830.40 by the earliest possible date (2026-07-03) is affordable now and aligns with your preference for full payment. This plan ensures you meet the landlord's deadline without requiring any changes to spending habits."
request_262,9236000.0,affordable_now,full_payment,2024-12-05:9236000,2024-12-05,none,"The course can be fully paid for on 2024-12-05, meeting the requested amount and completion deadline."
request_263,7781.06,not_affordable,not_recommended,none,,none,"None of the available payment options keeps the ZAR 24,100.00 minimum balance protected within the forecast period."
request_264,27327.12,affordable_later,wait,2026-05-15:111300,2026-05-15,none,"Paying the repair bill on or after May 15, 2026, will keep your balance above the minimum required balance of INR 59,500.0 and meet your payment preference for installments."
request_265,45970.0,affordable_now,full_payment,2024-03-06:45970,2024-03-06,none,"The requested amount of INR 45,970 is affordable based on the current balance and payment preferences. The payment can be made on 2024-03-06 without affecting the minimum balance requirement."
request_266,766.82,affordable_with_plan,installments,2025-08-03:324.13|2025-08-31:324.13|2025-09-28:324.13,2025-08-15,none,"This installment plan allows you to meet your investment goal of EUR 935 by the desired completion date of October 3, 2025. It is affordable with minimal impact on current spending."
request_267,1789.13,affordable_with_plan,installments,2026-01-08:667.33|2026-02-07:667.33|2026-03-09:667.33,2026-02-15,none,"This installment plan meets the payment preferences and completes by the desired completion date of March 17, 2026."
request_268,979.9,affordable_with_plan,installments,2024-06-14:841.22|2024-07-15:841.22|2024-08-15:841.22,2024-07-15,none,"This installment plan meets the request criteria and allows for a total payment of EUR 2,523.66 by 2024-08-15, which aligns with the desired completion date."
request_269,0.0,not_affordable,not_recommended,none,,none,"None of the available payment options keeps the ZAR 23,100.00 minimum balance protected within the forecast period."
request_27,6670.0,affordable_now,full_payment,2026-07-05:6670,2026-07-05,none,"The purchase can be made without dipping into the desired balance, as the payment is affordable now and does not require any spending changes. The full amount of ZAR 6,670 can be paid on July 5, 2026."
request_270,152.6,not_affordable,not_recommended,none,,none,"None of the available payment options keeps the USD 1,400.00 minimum balance protected within the forecast period."
request_271,11971.61,affordable_later,wait,2024-11-15:91300,2024-11-15,none,"Paying now would exceed the minimum balance requirement, but waiting until November 15, 2024, ensures the payment is made without violating financial constraints."
request_272,5779343.1,affordable_with_plan,installments,2025-02-12:4709466.67|2025-03-12:4709466.67|2025-04-09:4709466.67,2025-03-15,none,"This installment plan allows for a partial payment of IDR 13,585,000 on or before the first installment date (2025-02-12), without requiring any spending changes and remains affordable."
request_273,10838406.07,affordable_with_plan,installments,2026-04-07:5498480|2026-05-05:5498480|2026-06-02:5498480,2026-04-15,none,This installment plan allows partial payment and fits within the current financial profile without requiring any spending changes. It meets the requested amount and completes by the desired completion date.
request_274,2588.35,affordable_with_plan,installments,2024-12-04:940.75|2025-01-04:940.75|2025-02-04:940.75,2024-12-15,none,"This plan meets the request and ensures the balance remains above the minimum requirement, with partial payments spread over three installments by the deadline."
request_275,15884000.0,affordable_now,full_payment,2025-05-06:15884000,2025-05-06,none,"The candidate plan for full payment on May 6, 2025, is affordable now and meets the requestor's deadline of July 22, 2025. No spending changes are needed."
request_28,427.57,affordable_later,wait,2024-07-15:1302.40,2024-07-15,none,"The plan to invest EUR 1,302.40 on 2024-07-15 is affordable later, ensuring the balance remains above the minimum of EUR 1,100."
request_29,16723.12,not_affordable,not_recommended,none,,none,"None of the available payment options keeps the ZAR 28,300.00 minimum balance protected within the forecast period."
request_30,399.95,not_affordable,not_recommended,none,,none,None of the available payment options keeps the USD 900.00 minimum balance protected within the forecast period.
request_31,4575563.85,affordable_later,wait,2024-10-15:18164000,2024-10-15,none,"Waiting until October 15, 2024, to pay for the laptop ensures the balance remains above the minimum requirement until the deadline."
request_32,19750.74,affordable_later,wait,2025-03-15:40018,2025-03-15,none,"The candidate plan allows for the full payment of ZAR 40,018 on or before April 15, 2025, without putting upcoming bills at risk. Your payroll will credit your account on February 15, 2025, providing sufficient funds by the earliest date for full payment."
request_33,45997.81,affordable_later,wait,2026-02-15:118000,2026-02-15,none,"Paying the full deposit now would leave a balance of INR 49,280.00, which is below the minimum balance requirement of INR 102,100.00. Waiting until February 15, 2026, to pay INR 118,000 will maintain a higher balance and avoid breaching the minimum balance."
request_34,129400.0,affordable_now,full_payment,2024-12-04:129400,2024-12-04,none,"The candidate plan allows for a full payment of INR 129,400 on December 4, 2024, which meets the request and is within the minimum balance constraints."
request_35,44382.74,affordable_later,wait,2026-01-15:212000,2026-01-15,none,"Waiting until January 15, 2026, is affordable later according to the financial profile. This plan ensures you maintain your current balance and meet the desired completion date."
request_36,608.13,affordable_later,wait,2026-09-15:3954,2026-09-15,none,The full payment can be made by the desired completion date of 2026-09-15 without affecting current financial stability.
request_37,6309285.24,affordable_later,wait,2024-04-15:14649000,2024-04-15,none,"This plan allows the full payment of IDR 14,649,000 on or before 2024-04-15 without falling below the minimum balance requirement. It is affordable later as per the profile and forecast."
request_38,200.58,affordable_later,wait,2025-09-15:971.30,2025-09-15,none,"The plan allows paying the full amount on 2025-09-15, which meets the desired completion date of 2025-10-15 and maintains the current balance above the minimum requirement."
request_39,67667.61,affordable_later,wait,2026-05-15:208600,2026-05-15,none,"The plan allows for the full payment of INR 208,600 on or before June 15, 2026, without putting rent and regular bills at risk."
request_40,429.38,affordable_later,wait,2024-07-15:1290.30,2024-07-15,none,"The plan allows you to pay the full amount on 2024-07-15, which is after your next payroll credit date. This ensures you maintain a minimum balance until then."
request_41,10769535.97,affordable_later,wait,2025-12-15:38760000,2025-12-15,none,"The payment can be safely made on or after December 15, 2025, without compromising the minimum balance requirement."
request_42,52100.0,affordable_now,full_payment,2026-01-05:52100,2026-01-05,none,"The candidate plan allows for a full payment of INR 52,100 on the requested date (2026-01-05), which meets the urgency requirement and is within the current financial capacity based on available funds."
request_43,8323471.91,affordable_later,wait,2024-11-15:43339000,2024-11-15,none,"Menunggu hingga 2024-11-15 memungkinkan pembayaran lengkap sebesar IDR 43.339.000, yang sesuai dengan gaji pertama dari perusahaan baru pada tanggal yang sama."
request_44,31546.27,affordable_later,wait,2025-04-15:95800,2025-04-15,none,"Paying the course fee now is not affordable, as it would drop your balance below the minimum required. Waiting until your next salary on 2025-02-15 will allow you to cover the expense without compromising your regular commitments."
request_45,4253764.52,affordable_later,wait,2026-09-15:21983000,2026-09-15,none,"The candidate plan allows for a full payment of IDR 21,983,000 on the earliest possible date (2026-09-15), which aligns with the request and current financial situation."
request_46,45606.15,affordable_with_plan,installments,2024-12-03:25714|2024-12-31:25714,2024-12-15,none,"This installment plan meets your request and completes the repayment by your desired completion date of January 9, 2025."
request_47,20481154.08,not_affordable,not_recommended,none,,none,"None of the available payment options keeps the IDR 30,049,000.00 minimum balance protected within the forecast period."
request_48,45700.0,affordable_now,full_payment,2026-07-25:45700,2026-07-25,none,"The candidate plan allows for a full payment of INR 45,700 on or before the request date of 2026-07-25, ensuring the minimum balance is not breached."
request_49,13859711.4,affordable_with_plan,installments,2024-03-18:11902106.67|2024-04-18:11902106.67|2024-05-19:11902106.67,2024-05-15,none,"This plan allows partial payments through installments and fits within the requested completion date without needing any spending changes. The total payable is slightly above the request amount, making it a safe choice."
request_50,43900.0,affordable_now,full_payment,2025-08-06:43900,2025-08-06,none,"The requested amount is affordable now and can be paid in full on the request date without affecting future estimates, as no spending changes are needed."
request_51,2191000.0,affordable_now,full_payment,2026-01-03:2191000,2026-01-03,none,"The candidate plan is affordable now and meets the requested amount, completing by the deadline."
request_52,16745.04,affordable_later,wait,2024-06-15:28870,2024-06-15,none,"The earliest full payment date is June 15, 2024, which aligns with the requested completion date. Given the current balance and the expected payroll increase, this plan is affordable later."
request_53,553.33,affordable_with_plan,installments,2025-11-21:589.06|2025-12-19:589.06|2026-01-16:589.06,2026-01-15,none,"The laptop is affordable with the proposed installment plan, as it does not require any spending changes and will be paid off by the desired completion date."
request_54,4147.0,not_affordable,not_recommended,none,,none,"None of the available payment options keeps the ZAR 37,000.00 minimum balance protected within the forecast period."
request_55,130314.78,affordable_with_plan,installments,2026-06-11:75781.33|2026-07-12:75781.33|2026-08-12:75781.33,2026-07-15,none,"This plan allows you to send INR 218,600 in installments by splitting it into three payments of approximately INR 75,781.33 each, starting on June 11, 2026, and completes by August 12, 2026, which aligns with your desired completion date."
request_56,623.4,affordable_with_plan,installments,2025-02-03:458.42|2025-03-03:458.42,2025-02-15,none,"This installment plan meets the request and maintains a balance above the minimum requirement, ensuring sufficient funds for regular expenses."
request_57,12816.96,affordable_later,wait,2026-06-15:61446,2026-06-15,none,"The candidate plan involves paying the full amount on or before June 15, 2026, which aligns with the desired completion date. This option is affordable later given the current balance and minimizes any potential disruption to your financial status."
request_58,16226000.0,affordable_now,full_payment,2024-12-07:16226000,2024-12-07,none,"The requested payment of IDR 16,226,000 is affordable now and can be made on the earliest possible date, December 7, 2024. This plan meets all the criteria and completes by the desired completion date."
request_59,140600.0,affordable_with_plan,installments,2025-05-07:48741.33|2025-06-04:48741.33|2025-07-02:48741.33,2025-05-04,none,"This plan involves making three partial payments of INR 48,741.33 each, starting on May 7, 2025, and completes by the desired completion date of July 2, 2025, ensuring your balance remains above the minimum required."
request_60,166.54,affordable_later,wait,2026-01-15:199.89,2026-01-15,none,"The candidate plan waits until January 15, 2026, to make the payment of $199.89, which is within the requested completion date of March 4, 2026."
request_61,29062.0,affordable_with_plan,installments,2024-03-17:10074.83|2024-04-17:10074.83|2024-05-18:10074.83,2024-03-03,none,"This installment plan meets the affordability criteria and completes by the desired completion date, ensuring enough balance for regular expenses."
request_62,404.23,affordable_now,full_payment,2025-08-05:404.23,2025-08-05,none,"The plan allows for a full payment of $404.23 on 2025-08-05, which meets the requested amount and completion date without requiring any changes to spending."
request_63,54609.48,not_affordable,not_recommended,none,,none,"None of the available payment options keeps the INR 153,500.00 minimum balance protected within the forecast period."
request_64,0.0,not_affordable,not_recommended,none,,none,"None of the available payment options keeps the INR 36,100.00 minimum balance protected within the forecast period."
request_65,0.0,not_affordable,not_recommended,none,,none,"None of the available payment options keeps the ZAR 15,500.00 minimum balance protected within the forecast period."
request_66,22200.0,affordable_now,full_payment,2026-04-03:22200,2026-04-03,none,"The requested payment is affordable now and can be made on the earliest possible date (2026-04-03), ensuring timely completion of the repair by the desired date."
request_67,349.34,affordable_later,wait,2024-11-15:2094,2024-11-15,none,"This plan allows you to pay the full amount of $2,094 on or before November 15, 2024, which aligns with your urgency and payment preference."
request_68,1551.8,affordable_with_plan,installments,2025-02-14:725.09|2025-03-14:725.09|2025-04-11:725.09,2025-02-23,none,"This installment plan allows a partial payment of USD 2,091.60 by the earliest date for full payment (2025-02-23), aligning with your payroll update."
request_69,529.1,affordable_now,full_payment,2026-01-04:529.10,2026-01-04,none,"The candidate plan is affordable now and meets the request for a full payment of EUR 529.10, which will cover the investment without affecting current spending habits or balance."
request_70,57193.45,affordable_later,wait,2025-02-15:243900,2025-02-15,none,"The candidate plan waits until February 15, 2025, to make the full payment of INR 243,900, which aligns with the desired completion date and ensures the balance remains above the minimum threshold."
request_71,673017.73,not_affordable,not_recommended,none,,none,"None of the available payment options keeps the IDR 8,884,800.00 minimum balance protected within the forecast period."
request_72,11330.0,affordable_now,full_payment,2026-07-05:11330,2026-07-05,none,The candidate plan is affordable given the current balance and payment preferences. The full transfer can be made on or before the desired completion date without falling short on personal bills.
request_73,71400.0,affordable_now,full_payment,2023-01-20:71400,2023-01-20,none,"The requested amount of INR 71,400 is affordable now and can be paid in full on the request date without affecting essential expenses or requiring any spending changes."
request_74,5010.0,affordable_now,full_payment,2025-08-04:5010,2025-08-04,none,"The plan allows for a full payment of ZAR 5010 on 2025-08-04, meeting the request and ensuring the payment is made by the desired completion date."
request_75,25182.3,not_affordable,not_recommended,none,,none,"None of the available payment options keeps the ZAR 39,000.00 minimum balance protected within the forecast period."
request_76,994.31,not_affordable,not_recommended,none,,none,"None of the available payment options keeps the USD 1,800.00 minimum balance protected within the forecast period."
request_77,60700.0,affordable_now,full_payment,2025-11-05:60700,2025-11-05,none,"The requested payment of INR 60,700 is affordable now and the earliest date for full payment is November 5, 2025, which matches the desired completion date."
request_78,50200.0,affordable_now,full_payment,2025-10-02:50200,2025-10-02,none,"The laptop is affordable now as the payment can be made on or before the requested date, and there are no spending changes needed."
request_79,301.26,not_affordable,not_recommended,none,,none,"None of the available payment options keeps the EUR 1,000.00 minimum balance protected within the forecast period."
request_80,104089.57,not_affordable,not_recommended,none,,none,"None of the available payment options keeps the INR 121,300.00 minimum balance protected within the forecast period."
request_81,2076.0,affordable_now,full_payment,2026-07-03:2076,2026-07-03,none,Paying the trip cost now is affordable and leaves enough balance to meet the minimum balance requirement for the rest of the month.
request_82,469.88,affordable_later,wait,2025-01-15:1405.20,2025-01-15,none,"The plan allows for the full payment of $1,405.20 by January 15, 2025, ensuring you meet your financial obligations without falling short on bills."
request_83,6148.37,not_affordable,not_recommended,none,,none,"None of the available payment options keeps the INR 37,800.00 minimum balance protected within the forecast period."
request_84,30788.82,affordable_later,wait,2026-05-15:95400,2026-05-15,none,"Paying now would exceed the minimum balance requirement, so waiting until May 15, 2026, ensures sufficient funds while still covering the course fee."
request_85,1288101.14,not_affordable,not_recommended,none,,none,"None of the available payment options keeps the IDR 6,396,300.00 minimum balance protected within the forecast period."
request_86,46300.0,affordable_now,full_payment,2025-08-03:46300,2025-08-03,none,"This plan pays the full amount of INR 46,300 on 2025-08-03, meeting the deadline and staying within affordability guidelines."
request_87,18765.05,not_affordable,not_recommended,none,,none,"None of the available payment options keeps the INR 185,900.00 minimum balance protected within the forecast period."
request_88,10448.65,affordable_with_plan,installments,2024-06-14:9045.23|2024-07-15:9045.23|2024-08-15:9045.23,2024-07-15,none,"This installment plan ensures the payment is spread over three months, meeting the request for partial payments and leaving enough balance to meet minimum requirements."
request_89,10150484.16,affordable_with_plan,installments,2025-11-18:4768746.67|2025-12-16:4768746.67|2026-01-13:4768746.67,2025-11-15,none,This installment plan is affordable with your current balance and meets the desired completion date. It does not require any changes to spending habits.
request_90,2560.0,affordable_now,full_payment,2026-07-06:2560,2026-07-06,none,"The plan allows for a full payment of ZAR 2560 on 2026-07-06, which meets the client's request and completes by the deadline."
request_91,455.09,affordable_later,wait,2024-11-15:1927.20,2024-11-15,none,"The requested amount can be paid in full on or before November 15, 2024, without affecting your current balance and meeting the desired completion date."
request_92,34034.0,affordable_now,full_payment,2025-02-05:34034,2025-02-05,none,"The candidate plan is affordable now and meets all criteria, allowing for a full payment on the requested date."
request_93,1729.2,affordable_now,full_payment,2026-04-07:1729.20,2026-04-07,none,"The requested amount is affordable now and can be paid in full on the requested date, 2026-04-07, without requiring any spending changes."
request_94,572.0,affordable_now,full_payment,2024-12-04:572,2024-12-04,none,"The payment plan is affordable now and can be made on the requested date, 2024-12-04, without risking other financial obligations."
request_95,29974.86,not_affordable,not_recommended,none,,none,"None of the available payment options keeps the INR 145,500.00 minimum balance protected within the forecast period."
request_96,79201.66,affordable_with_plan,installments,2026-01-10:31269.33|2026-02-09:31269.33|2026-03-11:31269.33,2026-01-15,none,"This plan allows you to pay in installments starting on January 10, 2026, ensuring your balance remains above the minimum required. It completes by your desired completion date without impacting regular expenses."
request_97,3037.52,affordable_with_plan,installments,2024-03-19:8145.28|2024-04-19:8145.28|2024-05-20:8145.28,2024-04-15,none,This plan allows for installment payments that fit within the requested timeline and current financial situation without requiring any spending changes.
request_98,11294.56,affordable_later,wait,2025-08-15:27148,2025-08-15,none,"The candidate plan 'ccc_wait' is the only option available. It allows you to wait for your upcoming salary payment on 2025-08-15, which covers the requested amount of ZAR 27,148 by the desired completion date of 2025-10-15, while maintaining a current balance above the minimum requirement."
request_99,18062.0,affordable_now,full_payment,2026-07-04:18062,2026-07-04,none,"Paying ZAR 18,062 on 2026-07-04 will not take the balance below ZAR 49,100, as it leaves a remaining balance of ZAR 68,644.58."
